{
	"credit": "Made with Blockbench",
	"textures": {
		"0": "block/light_gray_concrete",
		"1": "block/cyan_terracotta",
		"2": "block/bamboo_planks",
		"3": "block/dispenser_front_vertical",
		"4": "block/brown_mushroom_block",
		"5": "block/stone",
		"6": "block/stripped_bamboo_block_top",
		"particle": "block/light_gray_concrete"
	},
	"elements": [
		{
			"from": [6.5, 6, 4],
			"to": [9.5, 8, 16],
			"faces": {
				"north": {"uv": [0, 0, 4, 4], "texture": "#6"},
				"east": {"uv": [0, 0, 16, 4], "rotation": 180, "texture": "#2"},
				"south": {"uv": [0, 0, 4, 4], "texture": "#6"},
				"west": {"uv": [0, 0, 16, 4], "texture": "#2"},
				"up": {"uv": [0, 0, 16, 4], "rotation": 90, "texture": "#2"},
				"down": {"uv": [0, 0, 16, 5], "texture": "#2"}
			}
		},
		{
			"from": [7, 6, 16],
			"to": [9, 8, 24],
			"faces": {
				"north": {"uv": [0, 0, 16, 5], "texture": "#2"},
				"east": {"uv": [1, 0, 13, 4], "texture": "#2"},
				"south": {"uv": [0, 0, 4, 4], "texture": "#6"},
				"west": {"uv": [0, 0, 12, 4], "texture": "#2"},
				"up": {"uv": [0, 0, 12, 4], "rotation": 90, "texture": "#2"},
				"down": {"uv": [0, 0, 16, 5], "texture": "#2"}
			}
		},
		{
			"from": [7, 2, 22],
			"to": [9, 6, 24],
			"faces": {
				"north": {"uv": [0, 0, 4, 8], "texture": "#6"},
				"east": {"uv": [9, 0, 12, 8], "texture": "#2"},
				"south": {"uv": [0, 0, 4, 8], "texture": "#6"},
				"west": {"uv": [9, 0, 12, 8], "texture": "#2"},
				"up": {"uv": [9, 0, 12, 6], "texture": "#2"},
				"down": {"uv": [9, 0, 12, 4], "rotation": 90, "texture": "#2"}
			}
		},
		{
			"from": [7, 3, 20],
			"to": [9, 6, 22],
			"faces": {
				"north": {"uv": [0, 0, 4, 6], "texture": "#6"},
				"east": {"uv": [6, 0, 9, 6], "texture": "#2"},
				"south": {"uv": [6, 0, 9, 5], "texture": "#2"},
				"west": {"uv": [4, 0, 7, 6], "texture": "#2"},
				"up": {"uv": [6, 0, 9, 5], "texture": "#2"},
				"down": {"uv": [6, 0, 9, 4], "rotation": 90, "texture": "#2"}
			}
		},
		{
			"from": [7, 4, 18],
			"to": [9, 6, 20],
			"faces": {
				"north": {"uv": [0, 0, 4, 4], "texture": "#6"},
				"east": {"uv": [3, 0, 6, 4], "texture": "#2"},
				"south": {"uv": [3, 0, 6, 4], "texture": "#2"},
				"west": {"uv": [3, 0, 6, 4], "texture": "#2"},
				"up": {"uv": [3, 0, 6, 4], "texture": "#2"},
				"down": {"uv": [3, 0, 6, 4], "rotation": 90, "texture": "#2"}
			}
		},
		{
			"from": [7, 5, 16],
			"to": [9, 6, 18],
			"faces": {
				"north": {"uv": [0, 0, 4, 2], "texture": "#6"},
				"east": {"uv": [0, 0, 4, 2], "texture": "#2"},
				"south": {"uv": [0, 0, 3, 2], "texture": "#2"},
				"west": {"uv": [0, 0, 4, 2], "texture": "#2"},
				"up": {"uv": [0, 0, 3, 2], "texture": "#2"},
				"down": {"uv": [0, 0, 3, 4], "rotation": 90, "texture": "#2"}
			}
		},
		{
			"from": [6.7, 6, 3.5],
			"to": [9.3, 8, 4],
			"faces": {
				"north": {"uv": [4, 0, 8.6, 4], "texture": "#6"},
				"east": {"uv": [0, 0, 2.6, 4], "texture": "#2"},
				"south": {"uv": [0, 0, 4.6, 4], "texture": "#2"},
				"west": {"uv": [0, 0, 2.6, 4], "texture": "#2"},
				"up": {"uv": [0, 0, 4.6, 4], "texture": "#2"},
				"down": {"uv": [0, 0, 4.6, 2], "texture": "#2"}
			}
		},
		{
			"from": [6.7, 5.8, 4],
			"to": [9.3, 6, 16],
			"faces": {
				"north": {"uv": [0, 0, 4, 1], "rotation": 90, "texture": "#6"},
				"east": {"uv": [0, 3, 16, 4], "rotation": 90, "texture": "#2"},
				"south": {"uv": [0, 0, 16, 4], "rotation": 90, "texture": "#2"},
				"west": {"uv": [0, 3, 16, 4], "rotation": 90, "texture": "#2"},
				"up": {"uv": [0, 0, 16, 4], "rotation": 90, "texture": "#2"},
				"down": {"uv": [0, 0, 16, 4], "rotation": 270, "texture": "#2"}
			}
		},
		{
			"from": [7.5, 5.5, 13],
			"to": [8.5, 6, 16],
			"rotation": {"angle": 0, "axis": "y", "origin": [7.5, 5, 15]},
			"faces": {
				"north": {"uv": [0, 0, 5, 3], "texture": "#5"},
				"east": {"uv": [0, 0, 5, 3], "texture": "#5"},
				"south": {"uv": [0, 0, 3, 5], "texture": "#5"},
				"west": {"uv": [0, 0, 5, 3], "texture": "#5"},
				"up": {"uv": [0, 0, 3, 5], "texture": "#5"},
				"down": {"uv": [0, 0, 3, 5], "texture": "#5"}
			}
		},
		{
			"from": [7, 7, -5],
			"to": [9, 9, 16],
			"faces": {
				"north": {"uv": [5, 5, 11, 11], "texture": "#3"},
				"east": {"uv": [0, 0, 16, 4], "texture": "#0"},
				"south": {"uv": [0, 0, 4, 4], "texture": "#0"},
				"west": {"uv": [0, 0, 16, 4], "texture": "#0"},
				"up": {"uv": [0, 0, 16, 4], "rotation": 90, "texture": "#0"},
				"down": {"uv": [0, 0, 16, 4], "rotation": 90, "texture": "#0"}
			}
		},
		{
			"from": [9, 8, 11.5],
			"to": [9.6, 8.9, 12.5],
			"rotation": {"angle": 0, "axis": "y", "origin": [9, 8, 11.5]},
			"faces": {
				"north": {"uv": [0, 0, 3.6, 4], "texture": "#0"},
				"east": {"uv": [0, 0, 3.6, 4], "texture": "#0"},
				"south": {"uv": [0, 0, 3.6, 4], "texture": "#0"},
				"west": {"uv": [0, 0, 3.6, 4], "texture": "#0"},
				"up": {"uv": [0, 0, 3.6, 4], "texture": "#0"},
				"down": {"uv": [0, 0, 3.6, 4], "texture": "#0"}
			}
		},
		{
			"from": [9.6, 8.1, 11.6],
			"to": [9.8, 8.8, 12.4],
			"rotation": {"angle": 0, "axis": "y", "origin": [9.6, 8, 11.5]},
			"faces": {
				"north": {"uv": [0, 0, 2.8, 2.7], "texture": "#5"},
				"east": {"uv": [0, 0, 2.8, 2.7], "texture": "#5"},
				"south": {"uv": [0, 0, 2.8, 2.7], "texture": "#5"},
				"west": {"uv": [0, 0, 2.8, 2.7], "texture": "#5"},
				"up": {"uv": [0, 0, 2.8, 2.7], "texture": "#5"},
				"down": {"uv": [0, 0, 2.8, 2.7], "texture": "#5"}
			}
		},
		{
			"from": [9.5, 6.5, 13.5],
			"to": [10, 7.5, 14.5],
			"faces": {
				"north": {"uv": [0, 0, 16, 16], "texture": "#1"},
				"east": {"uv": [0, 0, 16, 16], "texture": "#1"},
				"south": {"uv": [0, 0, 16, 16], "texture": "#1"},
				"west": {"uv": [0, 0, 16, 16], "texture": "#1"},
				"up": {"uv": [0, 0, 16, 16], "texture": "#1"},
				"down": {"uv": [0, 0, 16, 16], "texture": "#1"}
			}
		},
		{
			"from": [9.5, 6, 11],
			"to": [9.7, 8, 15],
			"faces": {
				"north": {"uv": [0, 0, 16, 16], "texture": "#1"},
				"east": {"uv": [0, 0, 16, 16], "texture": "#1"},
				"south": {"uv": [0, 0, 16, 16], "texture": "#1"},
				"west": {"uv": [0, 0, 16, 16], "texture": "#1"},
				"up": {"uv": [0, 0, 16, 16], "texture": "#1"},
				"down": {"uv": [0, 0, 16, 16], "texture": "#1"}
			}
		},
		{
			"from": [9.7, 7, 11],
			"to": [9.9, 8, 13],
			"rotation": {"angle": 0, "axis": "y", "origin": [0.2, 0, 0]},
			"faces": {
				"north": {"uv": [0, 0, 16, 16], "texture": "#1"},
				"east": {"uv": [0, 0, 16, 16], "texture": "#1"},
				"south": {"uv": [0, 0, 16, 16], "texture": "#1"},
				"west": {"uv": [0, 0, 16, 16], "texture": "#1"},
				"up": {"uv": [0, 0, 16, 16], "texture": "#1"},
				"down": {"uv": [0, 0, 16, 16], "texture": "#1"}
			}
		},
		{
			"from": [9.6, 7, 13.7],
			"to": [9.9, 9, 14.3],
			"rotation": {"angle": -45, "axis": "x", "origin": [9.7, 7, 14]},
			"faces": {
				"north": {"uv": [0, 0, 16, 16], "texture": "#1"},
				"east": {"uv": [0, 0, 16, 16], "texture": "#1"},
				"south": {"uv": [0, 0, 16, 16], "texture": "#1"},
				"west": {"uv": [0, 0, 16, 16], "texture": "#1"},
				"up": {"uv": [0, 0, 16, 16], "texture": "#1"},
				"down": {"uv": [0, 0, 16, 16], "texture": "#1"}
			}
		},
		{
			"from": [9.6, 9, 13.5],
			"to": [10, 9.4, 14.5],
			"rotation": {"angle": -45, "axis": "x", "origin": [9.7, 7, 14]},
			"faces": {
				"north": {"uv": [0, 0, 16, 16], "texture": "#1"},
				"east": {"uv": [0, 0, 16, 16], "texture": "#1"},
				"south": {"uv": [0, 0, 16, 16], "texture": "#1"},
				"west": {"uv": [0, 0, 16, 16], "texture": "#1"},
				"up": {"uv": [0, 0, 16, 16], "texture": "#1"},
				"down": {"uv": [0, 0, 16, 16], "texture": "#1"}
			}
		},
		{
			"from": [9.6, 9, 14.5],
			"to": [9.9, 9.3, 14.8],
			"rotation": {"angle": -45, "axis": "x", "origin": [9.7, 7, 14]},
			"faces": {
				"north": {"uv": [0, 0, 16, 16], "texture": "#1"},
				"east": {"uv": [0, 0, 16, 16], "texture": "#1"},
				"south": {"uv": [0, 0, 16, 16], "texture": "#1"},
				"west": {"uv": [0, 0, 16, 16], "texture": "#1"},
				"up": {"uv": [0, 0, 16, 16], "texture": "#1"},
				"down": {"uv": [0, 0, 16, 16], "texture": "#1"}
			}
		},
		{
			"from": [9.6, 9, 13.2],
			"to": [9.9, 9.3, 13.5],
			"rotation": {"angle": -45, "axis": "x", "origin": [9.7, 7, 14]},
			"faces": {
				"north": {"uv": [0, 0, 16, 16], "texture": "#1"},
				"east": {"uv": [0, 0, 16, 16], "texture": "#1"},
				"south": {"uv": [0, 0, 16, 16], "texture": "#1"},
				"west": {"uv": [0, 0, 16, 16], "texture": "#1"},
				"up": {"uv": [0, 0, 16, 16], "texture": "#1"},
				"down": {"uv": [0, 0, 16, 16], "texture": "#1"}
			}
		},
		{
			"from": [9.6, 9, 14.8],
			"to": [9.9, 10, 15],
			"rotation": {"angle": -45, "axis": "x", "origin": [9.7, 7, 14]},
			"faces": {
				"north": {"uv": [0, 0, 16, 16], "texture": "#1"},
				"east": {"uv": [0, 0, 16, 16], "texture": "#1"},
				"south": {"uv": [0, 0, 16, 16], "texture": "#1"},
				"west": {"uv": [0, 0, 16, 16], "texture": "#1"},
				"up": {"uv": [0, 0, 16, 16], "texture": "#1"},
				"down": {"uv": [0, 0, 16, 16], "texture": "#1"}
			}
		},
		{
			"from": [9.6, 9.8, 14.6],
			"to": [9.9, 10, 14.8],
			"rotation": {"angle": -45, "axis": "x", "origin": [9.7, 7, 14]},
			"faces": {
				"north": {"uv": [0, 0, 16, 16], "texture": "#1"},
				"east": {"uv": [0, 0, 16, 16], "texture": "#1"},
				"south": {"uv": [0, 0, 16, 16], "texture": "#1"},
				"west": {"uv": [0, 0, 16, 16], "texture": "#1"},
				"up": {"uv": [0, 0, 16, 16], "texture": "#1"},
				"down": {"uv": [0, 0, 16, 16], "texture": "#1"}
			}
		},
		{
			"from": [6.9, 8, 4],
			"to": [9.1, 9.1, 5],
			"rotation": {"angle": 0, "axis": "y", "origin": [6, 8, 4]},
			"faces": {
				"north": {"uv": [0, 0, 16, 16], "texture": "#4"},
				"east": {"uv": [0, 0, 16, 16], "texture": "#4"},
				"south": {"uv": [0, 0, 16, 16], "texture": "#4"},
				"west": {"uv": [0, 0, 16, 16], "texture": "#4"},
				"up": {"uv": [0, 0, 16, 16], "texture": "#4"},
				"down": {"uv": [0, 0, 16, 16], "texture": "#4"}
			}
		},
		{
			"from": [6.9, 8, 9],
			"to": [9.1, 9.1, 10],
			"rotation": {"angle": 0, "axis": "y", "origin": [6, 8, 9]},
			"faces": {
				"north": {"uv": [0, 0, 16, 16], "texture": "#4"},
				"east": {"uv": [0, 0, 16, 16], "texture": "#4"},
				"south": {"uv": [0, 0, 16, 16], "texture": "#4"},
				"west": {"uv": [0, 0, 16, 16], "texture": "#4"},
				"up": {"uv": [0, 0, 16, 16], "texture": "#4"},
				"down": {"uv": [0, 0, 16, 16], "texture": "#4"}
			}
		},
		{
			"from": [6.9, 8, 14],
			"to": [9.1, 9.1, 15],
			"rotation": {"angle": 0, "axis": "y", "origin": [6, 8, 14]},
			"faces": {
				"north": {"uv": [0, 0, 16, 16], "texture": "#4"},
				"east": {"uv": [0, 0, 16, 16], "texture": "#4"},
				"south": {"uv": [0, 0, 16, 16], "texture": "#4"},
				"west": {"uv": [0, 0, 16, 16], "texture": "#4"},
				"up": {"uv": [0, 0, 16, 16], "texture": "#4"},
				"down": {"uv": [0, 0, 16, 16], "texture": "#4"}
			}
		}
	],
	"display": {
		"thirdperson_righthand": {
			"rotation": [69, 0, 0],
			"translation": [0, 7.25, 2]
		},
		"thirdperson_lefthand": {
			"rotation": [148, 0, 0],
			"translation": [0, -0.75, 2.25]
		},
		"firstperson_righthand": {
			"translation": [-3, 4.25, -2]
		},
		"firstperson_lefthand": {
			"rotation": [98, 20, -77],
			"translation": [6.5, -1.5, -3.25]
		},
		"ground": {
			"scale": [0.7, 0.7, 0.7]
		},
		"gui": {
			"rotation": [20, 134, 0],
			"translation": [-0.75, 0, 0],
			"scale": [1, 1, 0.7]
		},
		"fixed": {
			"rotation": [89.11, -56.47, 89.23],
			"translation": [0.75, 2.25, -0.5],
			"scale": [0.8, 0.8, 0.8]
		}
	},
	"groups": [
		{
			"name": "group",
			"origin": [8, 8, 8],
			"color": 0,
			"nbt": "{}",
			"children": [
				{
					"name": "group",
					"origin": [8, 8, 8],
					"color": 0,
					"nbt": "{}",
					"children": [0, 1, 2, 3, 4, 5, 6, 7, 8]
				},
				{
					"name": "group",
					"origin": [0, 0, 0],
					"color": 0,
					"nbt": "{}",
					"children": [9, 10, 11]
				},
				{
					"name": "group",
					"origin": [8, 8, 8],
					"color": 0,
					"nbt": "{}",
					"children": [
						12,
						13,
						14,
						{
							"name": "group",
							"origin": [8, 8, 8],
							"color": 0,
							"nbt": "{}",
							"children": [15, 16, 17, 18, 19, 20]
						}
					]
				},
				{
					"name": "group",
					"origin": [8, 8, 8],
					"color": 0,
					"nbt": "{}",
					"children": [21, 22, 23]
				}
			]
		}
	]
}