{
	"credit": "Made with Blockbench",
	"textures": {
		"0": "block/light_gray_concrete",
		"1": "block/cyan_terracotta",
		"2": "block/command_block_back",
		"3": "block/dispenser_front_vertical",
		"4": "block/redstone_block",
		"5": "block/stone",
		"6": "block/blue_concrete",
		"particle": "block/light_gray_concrete"
	},
	"elements": [
		{
			"from": [6.5, 6, 4],
			"to": [9.5, 8, 16],
			"faces": {
				"north": {"uv": [0, 0, 16, 5], "texture": "#2"},
				"east": {"uv": [0, 0, 16, 4], "texture": "#2"},
				"south": {"uv": [7, 0, 10, 4], "texture": "#2"},
				"west": {"uv": [0, 0, 16, 4], "texture": "#2"},
				"up": {"uv": [0, 3, 16, 14], "rotation": 90, "texture": "#2"},
				"down": {"uv": [0, 0, 16, 5], "texture": "#2"}
			}
		},
		{
			"from": [7, 5.8, 16],
			"to": [9, 8, 18],
			"faces": {
				"north": {"uv": [0, 0, 16, 5], "texture": "#2"},
				"east": {"uv": [0, 0, 16, 5], "texture": "#1"},
				"south": {"uv": [0, 0, 5, 5], "texture": "#1"},
				"west": {"uv": [0, 0, 16, 5], "texture": "#1"},
				"up": {"uv": [0, 0, 16, 5], "rotation": 90, "texture": "#1"},
				"down": {"uv": [0, 0, 16, 5], "texture": "#1"}
			}
		},
		{
			"from": [7, 6, 23],
			"to": [9, 8, 24.2],
			"faces": {
				"north": {"uv": [0, 0, 16, 5], "texture": "#1"},
				"east": {"uv": [0, 0, 16, 5], "texture": "#1"},
				"south": {"uv": [0, 0, 5, 5], "texture": "#1"},
				"west": {"uv": [0, 0, 16, 5], "texture": "#1"},
				"up": {"uv": [0, 0, 16, 5], "rotation": 90, "texture": "#1"},
				"down": {"uv": [0, 0, 16, 5], "texture": "#1"}
			}
		},
		{
			"from": [7.2, 6.2, 18],
			"to": [8.8, 7.8, 23.6],
			"faces": {
				"north": {"uv": [0, 0, 16, 5], "texture": "#2"},
				"east": {"uv": [0, 0, 16, 5], "texture": "#1"},
				"south": {"uv": [0, 0, 5, 5], "texture": "#1"},
				"west": {"uv": [0, 0, 16, 5], "texture": "#1"},
				"up": {"uv": [0, 0, 16, 5], "rotation": 90, "texture": "#1"},
				"down": {"uv": [0, 0, 16, 5], "texture": "#1"}
			}
		},
		{
			"from": [7.35, 2.2, 22],
			"to": [8.65, 6.2, 24],
			"faces": {
				"north": {"uv": [9, 0, 12, 6], "texture": "#1"},
				"east": {"uv": [9, 0, 12, 6], "texture": "#1"},
				"south": {"uv": [9, 0, 14, 6], "texture": "#1"},
				"west": {"uv": [9, 0, 12, 6], "texture": "#1"},
				"up": {"uv": [9, 0, 12, 6], "texture": "#1"},
				"down": {"uv": [9, 0, 12, 6], "texture": "#1"}
			}
		},
		{
			"from": [7.35, 2.7, 21],
			"to": [8.65, 6.2, 22],
			"faces": {
				"north": {"uv": [6, 0, 9, 5], "texture": "#1"},
				"east": {"uv": [6, 0, 9, 5], "texture": "#1"},
				"south": {"uv": [6, 0, 9, 5], "texture": "#1"},
				"west": {"uv": [6, 0, 9, 5], "texture": "#1"},
				"up": {"uv": [6, 0, 9, 5], "texture": "#1"},
				"down": {"uv": [6, 0, 9, 5], "texture": "#1"}
			}
		},
		{
			"from": [7.35, 3.2, 20],
			"to": [8.65, 6.2, 21],
			"faces": {
				"north": {"uv": [6, 0, 9, 5], "texture": "#1"},
				"east": {"uv": [6, 0, 9, 5], "texture": "#1"},
				"south": {"uv": [6, 0, 9, 5], "texture": "#1"},
				"west": {"uv": [6, 0, 9, 5], "texture": "#1"},
				"up": {"uv": [6, 0, 9, 5], "texture": "#1"},
				"down": {"uv": [6, 0, 9, 5], "texture": "#1"}
			}
		},
		{
			"from": [7.2, 3.2, 20],
			"to": [7.35, 6.2, 20.5],
			"faces": {
				"north": {"uv": [6, 0, 9, 5], "texture": "#1"},
				"east": {"uv": [6, 0, 9, 5], "texture": "#1"},
				"south": {"uv": [6, 0, 9, 5], "texture": "#1"},
				"west": {"uv": [6, 0, 9, 5], "texture": "#1"},
				"up": {"uv": [6, 0, 9, 5], "texture": "#1"},
				"down": {"uv": [6, 0, 9, 5], "texture": "#1"}
			}
		},
		{
			"from": [7.2, 2.2, 23.5],
			"to": [7.35, 6, 24],
			"faces": {
				"north": {"uv": [6, 0, 9, 5], "texture": "#1"},
				"east": {"uv": [6, 0, 9, 5], "texture": "#1"},
				"south": {"uv": [6, 0, 9, 5], "texture": "#1"},
				"west": {"uv": [6, 0, 9, 5], "texture": "#1"},
				"up": {"uv": [6, 0, 9, 5], "texture": "#1"},
				"down": {"uv": [6, 0, 9, 5], "texture": "#1"}
			}
		},
		{
			"from": [8.65, 2.2, 23.5],
			"to": [8.8, 6, 24],
			"faces": {
				"north": {"uv": [6, 0, 9, 5], "texture": "#1"},
				"east": {"uv": [6, 0, 9, 5], "texture": "#1"},
				"south": {"uv": [6, 0, 9, 5], "texture": "#1"},
				"west": {"uv": [6, 0, 9, 5], "texture": "#1"},
				"up": {"uv": [6, 0, 9, 5], "texture": "#1"},
				"down": {"uv": [6, 0, 9, 5], "texture": "#1"}
			}
		},
		{
			"from": [8.65, 3.2, 20],
			"to": [8.8, 6.2, 20.5],
			"faces": {
				"north": {"uv": [6, 0, 9, 5], "texture": "#1"},
				"east": {"uv": [6, 0, 9, 5], "texture": "#1"},
				"south": {"uv": [6, 0, 9, 5], "texture": "#1"},
				"west": {"uv": [6, 0, 9, 5], "texture": "#1"},
				"up": {"uv": [6, 0, 9, 5], "texture": "#1"},
				"down": {"uv": [6, 0, 9, 5], "texture": "#1"}
			}
		},
		{
			"from": [6.7, 6, 3.5],
			"to": [9.3, 8, 4],
			"faces": {
				"north": {"uv": [6, 0, 10.6, 4], "texture": "#2"},
				"east": {"uv": [0, 0, 1.6, 4], "texture": "#2"},
				"south": {"uv": [0, 0, 4.6, 4], "texture": "#2"},
				"west": {"uv": [0, 0, 1.6, 4], "texture": "#2"},
				"up": {"uv": [0, 0, 4.6, 4], "texture": "#2"},
				"down": {"uv": [6, 0, 10.6, 2], "texture": "#2"}
			}
		},
		{
			"from": [6.7, 5.8, 4],
			"to": [9.3, 6, 16],
			"faces": {
				"north": {"uv": [0, 0, 4.6, 3], "texture": "#2"},
				"east": {"uv": [0, 0, 4.6, 3], "texture": "#2"},
				"south": {"uv": [0, 0, 4.6, 3], "texture": "#2"},
				"west": {"uv": [0, 0, 4.6, 3], "texture": "#2"},
				"up": {"uv": [0, 0, 4.6, 16], "texture": "#2"},
				"down": {"uv": [0, 0, 2.6, 16], "texture": "#2"}
			}
		},
		{
			"from": [7.5, 5.5, 13],
			"to": [8.5, 6, 16],
			"rotation": {"angle": 0, "axis": "y", "origin": [7.5, 5, 15]},
			"faces": {
				"north": {"uv": [0, 0, 5, 3], "texture": "#5"},
				"east": {"uv": [0, 0, 5, 3], "texture": "#5"},
				"south": {"uv": [0, 0, 3, 5], "texture": "#5"},
				"west": {"uv": [0, 0, 5, 3], "texture": "#5"},
				"up": {"uv": [0, 0, 3, 5], "texture": "#5"},
				"down": {"uv": [0, 0, 3, 5], "texture": "#5"}
			}
		},
		{
			"from": [7, 5.7, 12],
			"to": [9, 5.8, 17],
			"rotation": {"angle": 0, "axis": "y", "origin": [7.5, 5, 15]},
			"faces": {
				"north": {"uv": [0, 0, 3, 5], "texture": "#1"},
				"east": {"uv": [0, 0, 3, 5], "texture": "#1"},
				"south": {"uv": [0, 0, 3, 5], "texture": "#1"},
				"west": {"uv": [0, 0, 3, 5], "texture": "#1"},
				"up": {"uv": [0, 0, 3, 5], "texture": "#1"},
				"down": {"uv": [0, 0, 3, 5], "texture": "#1"}
			}
		},
		{
			"from": [7, 7, -5],
			"to": [9, 9, 16],
			"faces": {
				"north": {"uv": [5, 5, 11, 11], "texture": "#3"},
				"east": {"uv": [0, 0, 16, 4], "texture": "#0"},
				"south": {"uv": [0, 0, 4, 4], "texture": "#0"},
				"west": {"uv": [0, 0, 16, 4], "texture": "#0"},
				"up": {"uv": [0, 0, 16, 4], "rotation": 90, "texture": "#0"},
				"down": {"uv": [0, 0, 16, 4], "rotation": 90, "texture": "#0"}
			}
		},
		{
			"from": [7.1, 6.9, 16],
			"to": [7.7, 8.9, 16.2],
			"faces": {
				"north": {"uv": [0, 0, 4, 4], "texture": "#6"},
				"east": {"uv": [0, 0, 4, 4], "texture": "#6"},
				"south": {"uv": [0, 0, 4, 4], "texture": "#6"},
				"west": {"uv": [0, 0, 4, 4], "texture": "#6"},
				"up": {"uv": [0, 0, 4, 4], "texture": "#6"},
				"down": {"uv": [0, 0, 4, 4], "texture": "#6"}
			}
		},
		{
			"from": [8.3, 6.9, 16],
			"to": [8.9, 8.9, 16.2],
			"faces": {
				"north": {"uv": [0, 0, 4, 4], "texture": "#4"},
				"east": {"uv": [0, 0, 4, 4], "texture": "#4"},
				"south": {"uv": [0, 0, 4, 4], "texture": "#4"},
				"west": {"uv": [0, 0, 4, 4], "texture": "#4"},
				"up": {"uv": [0, 0, 4, 4], "texture": "#4"},
				"down": {"uv": [0, 0, 4, 4], "texture": "#4"}
			}
		},
		{
			"from": [9, 8, 11.5],
			"to": [9.6, 8.9, 13.5],
			"rotation": {"angle": 0, "axis": "y", "origin": [9, 8, 11.5]},
			"faces": {
				"north": {"uv": [0, 0, 3.6, 4], "texture": "#0"},
				"east": {"uv": [0, 0, 3.6, 4], "texture": "#0"},
				"south": {"uv": [0, 0, 3.6, 4], "texture": "#0"},
				"west": {"uv": [0, 0, 3.6, 4], "texture": "#0"},
				"up": {"uv": [0, 0, 3.6, 4], "texture": "#0"},
				"down": {"uv": [0, 0, 3.6, 4], "texture": "#0"}
			}
		},
		{
			"from": [9.6, 8.1, 11.6],
			"to": [9.8, 8.8, 13.4],
			"rotation": {"angle": 0, "axis": "y", "origin": [9.6, 8, 11.5]},
			"faces": {
				"north": {"uv": [0, 0, 2.8, 2.7], "texture": "#4"},
				"east": {"uv": [3, 1, 5.8, 3.7], "texture": "#4"},
				"south": {"uv": [0, 0, 2.8, 2.7], "texture": "#4"},
				"west": {"uv": [0, 0, 2.8, 2.7], "texture": "#4"},
				"up": {"uv": [0, 0, 2.8, 2.7], "texture": "#4"},
				"down": {"uv": [0, 0, 2.8, 2.7], "texture": "#4"}
			}
		},
		{
			"from": [9.5, 6.5, 13.5],
			"to": [10, 7.5, 14.5],
			"faces": {
				"north": {"uv": [0, 0, 16, 16], "texture": "#2"},
				"east": {"uv": [3, 3, 14, 14], "texture": "#2"},
				"south": {"uv": [0, 0, 16, 16], "texture": "#2"},
				"west": {"uv": [0, 0, 16, 16], "texture": "#0"},
				"up": {"uv": [0, 0, 16, 16], "texture": "#2"},
				"down": {"uv": [0, 0, 16, 16], "texture": "#2"}
			}
		},
		{
			"from": [9.5, 6, 11],
			"to": [9.7, 8, 15],
			"faces": {
				"north": {"uv": [0, 0, 16, 16], "texture": "#0"},
				"east": {"uv": [0, 0, 16, 16], "texture": "#0"},
				"south": {"uv": [0, 0, 16, 16], "texture": "#0"},
				"west": {"uv": [0, 0, 16, 16], "texture": "#0"},
				"up": {"uv": [0, 0, 16, 16], "texture": "#0"},
				"down": {"uv": [0, 0, 16, 16], "texture": "#0"}
			}
		},
		{
			"from": [9.7, 7, 11.1],
			"to": [9.9, 8, 13.1],
			"rotation": {"angle": 0, "axis": "y", "origin": [0.2, 0, 0]},
			"faces": {
				"north": {"uv": [0, 0, 16, 16], "texture": "#1"},
				"east": {"uv": [0, 0, 16, 16], "texture": "#1"},
				"south": {"uv": [0, 0, 16, 16], "texture": "#1"},
				"west": {"uv": [0, 0, 16, 16], "texture": "#1"},
				"up": {"uv": [0, 0, 16, 16], "texture": "#1"},
				"down": {"uv": [0, 0, 16, 16], "texture": "#1"}
			}
		},
		{
			"from": [9.7, 8, 11.7],
			"to": [9.9, 8.7, 12.2],
			"rotation": {"angle": 0, "axis": "y", "origin": [0.2, 0, 0]},
			"faces": {
				"north": {"uv": [0, 0, 16, 16], "texture": "#1"},
				"east": {"uv": [0, 0, 16, 16], "texture": "#1"},
				"south": {"uv": [0, 0, 16, 16], "texture": "#1"},
				"west": {"uv": [0, 0, 16, 16], "texture": "#1"},
				"up": {"uv": [0, 0, 16, 16], "texture": "#1"},
				"down": {"uv": [0, 0, 16, 16], "texture": "#1"}
			}
		},
		{
			"from": [9.7, 8, 12.5],
			"to": [9.9, 8.7, 13],
			"rotation": {"angle": 0, "axis": "y", "origin": [0.2, 0, 0]},
			"faces": {
				"north": {"uv": [0, 0, 16, 16], "texture": "#1"},
				"east": {"uv": [0, 0, 16, 16], "texture": "#1"},
				"south": {"uv": [0, 0, 16, 16], "texture": "#1"},
				"west": {"uv": [0, 0, 16, 16], "texture": "#1"},
				"up": {"uv": [0, 0, 16, 16], "texture": "#1"},
				"down": {"uv": [0, 0, 16, 16], "texture": "#1"}
			}
		},
		{
			"from": [9.9, 7.1, 11.2],
			"to": [10, 8, 13],
			"rotation": {"angle": 0, "axis": "y", "origin": [0.2, 0, 0]},
			"faces": {
				"north": {"uv": [0, 0, 16, 16], "texture": "#0"},
				"east": {"uv": [0, 2, 16, 8], "texture": "#0"},
				"south": {"uv": [0, 0, 16, 16], "texture": "#0"},
				"west": {"uv": [0, 0, 16, 16], "texture": "#0"},
				"up": {"uv": [0, 0, 16, 16], "texture": "#0"},
				"down": {"uv": [0, 0, 16, 16], "texture": "#0"}
			}
		},
		{
			"from": [9.7, 6.3, 13.3],
			"to": [9.9, 7.7, 14.7],
			"rotation": {"angle": 0, "axis": "y", "origin": [0.2, 0, 0]},
			"faces": {
				"north": {"uv": [0, 0, 16, 16], "texture": "#0"},
				"east": {"uv": [0, 0, 16, 16], "texture": "#2"},
				"south": {"uv": [0, 0, 16, 16], "texture": "#0"},
				"west": {"uv": [0, 0, 16, 16], "texture": "#0"},
				"up": {"uv": [0, 0, 16, 16], "texture": "#0"},
				"down": {"uv": [0, 0, 16, 16], "texture": "#0"}
			}
		},
		{
			"from": [9.7, 6, 13.5],
			"to": [9.8, 8, 14.9],
			"rotation": {"angle": 0, "axis": "y", "origin": [0.2, 0, 0]},
			"faces": {
				"north": {"uv": [0, 0, 16, 16], "texture": "#0"},
				"east": {"uv": [0, 0, 16, 16], "texture": "#0"},
				"south": {"uv": [0, 0, 16, 16], "texture": "#0"},
				"west": {"uv": [0, 0, 16, 16], "texture": "#0"},
				"up": {"uv": [0, 0, 16, 16], "texture": "#0"},
				"down": {"uv": [0, 0, 16, 16], "texture": "#0"}
			}
		},
		{
			"from": [9.7, 6.2, 11],
			"to": [9.75, 7.8, 13.5],
			"rotation": {"angle": 0, "axis": "y", "origin": [0.2, 0, 0]},
			"faces": {
				"north": {"uv": [0, 0, 16, 16], "texture": "#0"},
				"east": {"uv": [0, 0, 16, 16], "texture": "#0"},
				"south": {"uv": [0, 0, 16, 16], "texture": "#0"},
				"west": {"uv": [0, 0, 16, 16], "texture": "#0"},
				"up": {"uv": [0, 0, 16, 16], "texture": "#0"},
				"down": {"uv": [0, 0, 16, 16], "texture": "#0"}
			}
		},
		{
			"from": [9.75, 6.4, 11],
			"to": [9.85, 6.9, 13.5],
			"rotation": {"angle": 0, "axis": "y", "origin": [0.2, 0, 0]},
			"faces": {
				"north": {"uv": [0, 0, 1, 16], "texture": "#4"},
				"east": {"uv": [0, 0, 16, 3], "texture": "#4"},
				"south": {"uv": [0, 0, 16, 16], "texture": "#4"},
				"west": {"uv": [0, 0, 16, 16], "texture": "#4"},
				"up": {"uv": [8, 0, 16, 16], "texture": "#4"},
				"down": {"uv": [0, 0, 8, 16], "texture": "#4"}
			}
		},
		{
			"from": [9.75, 7.1, 11],
			"to": [9.85, 7.6, 13.5],
			"rotation": {"angle": 0, "axis": "y", "origin": [0.2, 0, 0]},
			"faces": {
				"north": {"uv": [0, 0, 16, 16], "texture": "#6"},
				"east": {"uv": [0, 0, 16, 16], "texture": "#6"},
				"south": {"uv": [0, 0, 16, 16], "texture": "#6"},
				"west": {"uv": [0, 0, 16, 16], "texture": "#6"},
				"up": {"uv": [0, 0, 16, 16], "texture": "#6"},
				"down": {"uv": [0, 0, 16, 16], "texture": "#6"}
			}
		},
		{
			"from": [6.9, 8, 4],
			"to": [9.1, 9.1, 5],
			"rotation": {"angle": 0, "axis": "y", "origin": [6, 8, 4]},
			"faces": {
				"north": {"uv": [0, 0, 16, 16], "texture": "#4"},
				"east": {"uv": [0, 0, 16, 8], "texture": "#4"},
				"south": {"uv": [0, 0, 16, 16], "texture": "#4"},
				"west": {"uv": [0, 0, 16, 8], "texture": "#4"},
				"up": {"uv": [0, 0, 16, 16], "texture": "#4"},
				"down": {"uv": [0, 0, 16, 16], "texture": "#4"}
			}
		},
		{
			"from": [6.9, 8, 9],
			"to": [9.1, 9.1, 10],
			"rotation": {"angle": 0, "axis": "y", "origin": [6, 8, 9]},
			"faces": {
				"north": {"uv": [0, 0, 16, 16], "texture": "#4"},
				"east": {"uv": [0, 0, 16, 8], "texture": "#4"},
				"south": {"uv": [0, 0, 16, 16], "texture": "#4"},
				"west": {"uv": [0, 0, 16, 8], "texture": "#4"},
				"up": {"uv": [0, 0, 16, 16], "texture": "#4"},
				"down": {"uv": [0, 0, 16, 16], "texture": "#4"}
			}
		},
		{
			"from": [6.9, 8, 14],
			"to": [9.1, 9.1, 15],
			"rotation": {"angle": 0, "axis": "y", "origin": [6, 8, 14]},
			"faces": {
				"north": {"uv": [0, 0, 16, 16], "texture": "#4"},
				"east": {"uv": [0, 0, 16, 8], "texture": "#4"},
				"south": {"uv": [0, 0, 16, 16], "texture": "#4"},
				"west": {"uv": [0, 0, 16, 8], "texture": "#4"},
				"up": {"uv": [0, 0, 16, 16], "texture": "#4"},
				"down": {"uv": [0, 0, 16, 16], "texture": "#4"}
			}
		},
		{
			"from": [6.3, 6, 11],
			"to": [6.5, 8, 15],
			"rotation": {"angle": 0, "axis": "y", "origin": [16, 0, 0]},
			"faces": {
				"north": {"uv": [16, 0, 0, 16], "texture": "#0"},
				"east": {"uv": [16, 0, 0, 16], "texture": "#0"},
				"south": {"uv": [16, 0, 0, 16], "texture": "#0"},
				"west": {"uv": [16, 0, 0, 16], "texture": "#0"},
				"up": {"uv": [16, 0, 0, 16], "texture": "#0"},
				"down": {"uv": [16, 0, 0, 16], "texture": "#0"}
			}
		},
		{
			"from": [6.2, 6, 13],
			"to": [6.3, 8, 14.9],
			"rotation": {"angle": 0, "axis": "y", "origin": [15.8, 0, 0]},
			"faces": {
				"north": {"uv": [16, 0, 0, 16], "texture": "#0"},
				"east": {"uv": [16, 0, 0, 16], "texture": "#0"},
				"south": {"uv": [16, 0, 0, 16], "texture": "#0"},
				"west": {"uv": [16, 0, 0, 16], "texture": "#0"},
				"up": {"uv": [16, 0, 0, 16], "texture": "#0"},
				"down": {"uv": [16, 0, 0, 16], "texture": "#0"}
			}
		},
		{
			"from": [6.2, 6.3, 11.1],
			"to": [6.3, 6.7, 13],
			"rotation": {"angle": 0, "axis": "y", "origin": [15.8, 0, 0]},
			"faces": {
				"north": {"uv": [16, 0, 0, 16], "texture": "#0"},
				"east": {"uv": [16, 0, 0, 16], "texture": "#0"},
				"south": {"uv": [16, 0, 0, 16], "texture": "#0"},
				"west": {"uv": [16, 0, 0, 16], "texture": "#0"},
				"up": {"uv": [16, 0, 0, 16], "texture": "#0"},
				"down": {"uv": [16, 0, 0, 16], "texture": "#0"}
			}
		},
		{
			"from": [6.2, 7.3, 11.1],
			"to": [6.3, 7.7, 13],
			"rotation": {"angle": 0, "axis": "y", "origin": [15.8, 0, 0]},
			"faces": {
				"north": {"uv": [16, 0, 0, 16], "texture": "#0"},
				"east": {"uv": [16, 0, 0, 16], "texture": "#0"},
				"south": {"uv": [16, 0, 0, 16], "texture": "#0"},
				"west": {"uv": [16, 0, 0, 16], "texture": "#0"},
				"up": {"uv": [16, 0, 0, 16], "texture": "#0"},
				"down": {"uv": [16, 0, 0, 16], "texture": "#0"}
			}
		},
		{
			"from": [6.25, 6.7, 11.6],
			"to": [6.3, 7.3, 12.5],
			"rotation": {"angle": 0, "axis": "y", "origin": [15.8, 0, 0]},
			"faces": {
				"north": {"uv": [16, 0, 0, 16], "texture": "#0"},
				"east": {"uv": [16, 0, 0, 16], "texture": "#0"},
				"south": {"uv": [16, 0, 0, 16], "texture": "#0"},
				"west": {"uv": [16, 0, 0, 16], "texture": "#0"},
				"up": {"uv": [16, 0, 0, 16], "texture": "#0"},
				"down": {"uv": [16, 0, 0, 16], "texture": "#0"}
			}
		},
		{
			"from": [6.1, 6.3, 13.3],
			"to": [6.3, 7.7, 14.7],
			"rotation": {"angle": 0, "axis": "y", "origin": [15.8, 0, 0]},
			"faces": {
				"north": {"uv": [16, 0, 0, 16], "texture": "#0"},
				"east": {"uv": [16, 0, 0, 16], "texture": "#0"},
				"south": {"uv": [16, 0, 0, 16], "texture": "#0"},
				"west": {"uv": [16, 0, 0, 16], "texture": "#2"},
				"up": {"uv": [16, 0, 0, 16], "texture": "#0"},
				"down": {"uv": [16, 0, 0, 16], "texture": "#0"}
			}
		},
		{
			"from": [6, 6.5, 13.5],
			"to": [6.5, 7.5, 14.5],
			"rotation": {"angle": 0, "axis": "y", "origin": [16, 0, 0]},
			"faces": {
				"north": {"uv": [16, 0, 0, 16], "texture": "#2"},
				"east": {"uv": [16, 0, 0, 16], "texture": "#0"},
				"south": {"uv": [16, 0, 0, 16], "texture": "#2"},
				"west": {"uv": [14, 3, 3, 14], "texture": "#2"},
				"up": {"uv": [16, 0, 0, 16], "texture": "#2"},
				"down": {"uv": [16, 0, 0, 16], "texture": "#2"}
			}
		}
	],
	"display": {
		"thirdperson_righthand": {
			"rotation": [69, 0, 0],
			"translation": [0, 7.25, 2]
		},
		"thirdperson_lefthand": {
			"rotation": [148, 0, 0],
			"translation": [0, -0.75, 2.25]
		},
		"firstperson_righthand": {
			"translation": [-3, 4.25, -2]
		},
		"firstperson_lefthand": {
			"rotation": [98, 20, -77],
			"translation": [6.5, -1.5, -3.25]
		},
		"ground": {
			"scale": [0.7, 0.7, 0.7]
		},
		"gui": {
			"rotation": [20, 134, 0],
			"translation": [-0.75, 0, 0],
			"scale": [1, 1, 0.7]
		},
		"fixed": {
			"rotation": [89.11, -56.47, 89.23],
			"translation": [0.75, 2.25, -0.5],
			"scale": [0.8, 0.8, 0.8]
		}
	},
	"groups": [
		{
			"name": "group",
			"origin": [8, 8, 8],
			"color": 0,
			"nbt": "{}",
			"armAnimationEnabled": false,
			"children": [
				{
					"name": "group",
					"origin": [8, 8, 8],
					"color": 0,
					"nbt": "{}",
					"armAnimationEnabled": false,
					"children": [0, 1, 2, 3, 4, 5, 6, 7, 8, 9, 10, 11, 12, 13, 14]
				},
				{
					"name": "group",
					"origin": [0, 0, 0],
					"color": 0,
					"nbt": "{}",
					"armAnimationEnabled": false,
					"children": [15, 16, 17, 18, 19]
				},
				{
					"name": "group",
					"origin": [8, 8, 8],
					"color": 0,
					"nbt": "{}",
					"armAnimationEnabled": false,
					"children": [
						20,
						21,
						22,
						23,
						24,
						25,
						26,
						27,
						28,
						29,
						30,
						{
							"name": "group",
							"origin": [8, 8, 8],
							"color": 0,
							"nbt": "{}",
							"armAnimationEnabled": false,
							"children": []
						}
					]
				},
				{
					"name": "group",
					"origin": [8, 8, 8],
					"color": 0,
					"nbt": "{}",
					"armAnimationEnabled": false,
					"children": [31, 32, 33]
				},
				{
					"name": "group",
					"origin": [8, 8, 8],
					"color": 0,
					"nbt": "{}",
					"armAnimationEnabled": false,
					"children": [34, 35, 36, 37, 38, 39, 40]
				}
			]
		}
	]
}