{
    "parent": "item/handheld_rod",
    "textures": {
        "layer0": "item/carrot_on_a_stick"
    },
        "overrides": [
				{ "predicate": {"custom_model_data": 1}, "model": "item/empty"},
				{ "predicate": {"custom_model_data": 2}, "model": "item/custom/muskets/oak_musket"},
				{ "predicate": {"custom_model_data": 3}, "model": "item/custom/muskets/oak_musket_shoot"},
				{ "predicate": {"custom_model_data": 4}, "model": "item/custom/muskets/oak_musket_zoom"},
				{ "predicate": {"custom_model_data": 5}, "model": "item/custom/muskets/oak_musket_zoom_shoot"},
				{ "predicate": {"custom_model_data": 6}, "model": "item/custom/muskets/spruce_musket"},
				{ "predicate": {"custom_model_data": 7}, "model": "item/custom/muskets/spruce_musket_shoot"},
				{ "predicate": {"custom_model_data": 8}, "model": "item/custom/muskets/spruce_musket_zoom"},
				{ "predicate": {"custom_model_data": 9}, "model": "item/custom/muskets/spruce_musket_zoom_shoot"},
				{ "predicate": {"custom_model_data": 10}, "model": "item/custom/muskets/birch_musket"},
				{ "predicate": {"custom_model_data": 11}, "model": "item/custom/muskets/birch_musket_shoot"},
				{ "predicate": {"custom_model_data": 12}, "model": "item/custom/muskets/birch_musket_zoom"},
				{ "predicate": {"custom_model_data": 13}, "model": "item/custom/muskets/birch_musket_zoom_shoot"},
				{ "predicate": {"custom_model_data": 14}, "model": "item/custom/muskets/jungle_musket"},
				{ "predicate": {"custom_model_data": 15}, "model": "item/custom/muskets/jungle_musket_shoot"},
				{ "predicate": {"custom_model_data": 16}, "model": "item/custom/muskets/jungle_musket_zoom"},
				{ "predicate": {"custom_model_data": 17}, "model": "item/custom/muskets/jungle_musket_zoom_shoot"},
				{ "predicate": {"custom_model_data": 18}, "model": "item/custom/muskets/acacia_musket"},
				{ "predicate": {"custom_model_data": 19}, "model": "item/custom/muskets/acacia_musket_shoot"},
				{ "predicate": {"custom_model_data": 20}, "model": "item/custom/muskets/acacia_musket_zoom"},
				{ "predicate": {"custom_model_data": 21}, "model": "item/custom/muskets/acacia_musket_zoom_shoot"},
				{ "predicate": {"custom_model_data": 22}, "model": "item/custom/muskets/dark_oak_musket"},
				{ "predicate": {"custom_model_data": 23}, "model": "item/custom/muskets/dark_oak_musket_shoot"},
				{ "predicate": {"custom_model_data": 24}, "model": "item/custom/muskets/dark_oak_musket_zoom"},
				{ "predicate": {"custom_model_data": 25}, "model": "item/custom/muskets/dark_oak_musket_zoom_shoot"},
				{ "predicate": {"custom_model_data": 26}, "model": "item/custom/muskets/mangrove_musket"},
				{ "predicate": {"custom_model_data": 27}, "model": "item/custom/muskets/mangrove_musket_shoot"},
				{ "predicate": {"custom_model_data": 28}, "model": "item/custom/muskets/mangrove_musket_zoom"},
				{ "predicate": {"custom_model_data": 29}, "model": "item/custom/muskets/mangrove_musket_zoom_shoot"},
				{ "predicate": {"custom_model_data": 30}, "model": "item/custom/muskets/crimson_musket"},
				{ "predicate": {"custom_model_data": 31}, "model": "item/custom/muskets/crimson_musket_shoot"},
				{ "predicate": {"custom_model_data": 32}, "model": "item/custom/muskets/crimson_musket_zoom"},
				{ "predicate": {"custom_model_data": 33}, "model": "item/custom/muskets/crimson_musket_zoom_shoot"},
				{ "predicate": {"custom_model_data": 34}, "model": "item/custom/muskets/warped_musket"},
				{ "predicate": {"custom_model_data": 35}, "model": "item/custom/muskets/warped_musket_shoot"},
				{ "predicate": {"custom_model_data": 36}, "model": "item/custom/muskets/warped_musket_zoom"},
				{ "predicate": {"custom_model_data": 37}, "model": "item/custom/muskets/warped_musket_zoom_shoot"},
				{ "predicate": {"custom_model_data": 38}, "model": "item/custom/buckshot_ball"},
				{ "predicate": {"custom_model_data": 100}, "model": "item/custom/muskets/creative_musket"},
				{ "predicate": {"custom_model_data": 101}, "model": "item/custom/muskets/creative_musket_zoom"},
				{ "predicate": {"custom_model_data": 102}, "model": "item/custom/muskets/cherry_musket"},
				{ "predicate": {"custom_model_data": 103}, "model": "item/custom/muskets/cherry_musket_shoot"},
				{ "predicate": {"custom_model_data": 104}, "model": "item/custom/muskets/cherry_musket_zoom"},
				{ "predicate": {"custom_model_data": 105}, "model": "item/custom/muskets/cherry_musket_zoom_shoot"},
				{ "predicate": {"custom_model_data": 106}, "model": "item/custom/muskets/bamboo_musket"},
				{ "predicate": {"custom_model_data": 107}, "model": "item/custom/muskets/bamboo_musket_shoot"},
				{ "predicate": {"custom_model_data": 108}, "model": "item/custom/muskets/bamboo_musket_zoom"},
				{ "predicate": {"custom_model_data": 109}, "model": "item/custom/muskets/bamboo_musket_zoom_shoot"}
        ]
}