{
	"parent": "item/generated",
    "textures": {
        "layer0": "item/iron_nugget"
    },
        "overrides": [
				{ "predicate": {"custom_model_data": 1}, "model": "item/custom/stone_musket_ball"},
				{ "predicate": {"custom_model_data": 2}, "model": "item/custom/iron_musket_ball"},
				{ "predicate": {"custom_model_data": 3}, "model": "item/custom/buckshot"},
				{ "predicate": {"custom_model_data": 4}, "model": "item/custom/buckshot_ball"},
				{ "predicate": {"custom_model_data": 5}, "model": "item/custom/explosion_musket_ball"},
				{ "predicate": {"custom_model_data": 6}, "model": "item/custom/poisoned_musket_ball"}
        ]
}