{
	"credit": "Made with Blockbench",
	"textures": {
		"0": "block/anvil",
		"1": "block/white_wool",
		"particle": "block/anvil"
	},
	"elements": [
		{
			"from": [6, 4, 6],
			"to": [10, 8, 10],
			"faces": {
				"north": {"uv": [0, 0, 6, 6], "texture": "#0"},
				"east": {"uv": [0, 0, 6, 6], "texture": "#0"},
				"south": {"uv": [0, 0, 6, 6], "texture": "#0"},
				"west": {"uv": [0, 0, 6, 6], "texture": "#0"},
				"up": {"uv": [0, 0, 6, 6], "texture": "#0"},
				"down": {"uv": [0, 0, 6, 6], "texture": "#0"}
			}
		},
		{
			"from": [6.5, 8, 6.5],
			"to": [9.5, 8.5, 9.5],
			"faces": {
				"north": {"uv": [0, 0, 5, 2.5], "texture": "#0"},
				"east": {"uv": [0, 0, 5, 2.5], "texture": "#0"},
				"south": {"uv": [0, 0, 5, 2.5], "texture": "#0"},
				"west": {"uv": [0, 0, 5, 2.5], "texture": "#0"},
				"up": {"uv": [0, 0, 5, 2.5], "texture": "#0"},
				"down": {"uv": [0, 0, 5, 2.5], "texture": "#0"}
			}
		},
		{
			"from": [7.5, 8, 7.5],
			"to": [8.5, 9, 8.5],
			"faces": {
				"north": {"uv": [0, 0, 5, 2.5], "texture": "#0"},
				"east": {"uv": [0, 0, 5, 2.5], "texture": "#0"},
				"south": {"uv": [0, 0, 5, 2.5], "texture": "#0"},
				"west": {"uv": [0, 0, 5, 2.5], "texture": "#0"},
				"up": {"uv": [0, 0, 5, 2.5], "texture": "#0"},
				"down": {"uv": [0, 0, 5, 2.5], "texture": "#0"}
			}
		},
		{
			"from": [7.7, 8.9, 7.9],
			"to": [8.3, 9.9, 8.5],
			"rotation": {"angle": 22.5, "axis": "x", "origin": [8, 9.5, 8]},
			"faces": {
				"north": {"uv": [0, 0, 5, 2.5], "texture": "#1"},
				"east": {"uv": [0, 0, 5, 2.5], "texture": "#1"},
				"south": {"uv": [0, 0, 5, 2.5], "texture": "#1"},
				"west": {"uv": [0, 0, 5, 2.5], "texture": "#1"},
				"up": {"uv": [0, 0, 5, 2.5], "texture": "#1"},
				"down": {"uv": [0, 0, 5, 2.5], "texture": "#1"}
			}
		},
		{
			"from": [7.7, 9.63108, 7.64651],
			"to": [8.3, 10.63108, 8.24651],
			"rotation": {"angle": 45, "axis": "x", "origin": [8, 9.33108, 8.14651]},
			"faces": {
				"north": {"uv": [0, 0, 5, 2.5], "texture": "#1"},
				"east": {"uv": [0, 0, 5, 2.5], "texture": "#1"},
				"south": {"uv": [0, 0, 5, 2.5], "texture": "#1"},
				"west": {"uv": [0, 0, 5, 2.5], "texture": "#1"},
				"up": {"uv": [0, 0, 5, 2.5], "texture": "#1"},
				"down": {"uv": [0, 0, 5, 2.5], "texture": "#1"}
			}
		},
		{
			"from": [7.7, 9.83818, 8.87077],
			"to": [8.3, 10.43818, 9.87077],
			"rotation": {"angle": -22.5, "axis": "x", "origin": [8, 10.03818, 8.57077]},
			"faces": {
				"north": {"uv": [0, 0, 5, 2.5], "rotation": 180, "texture": "#1"},
				"east": {"uv": [0, 0, 5, 2.5], "rotation": 270, "texture": "#1"},
				"south": {"uv": [0, 0, 5, 2.5], "texture": "#1"},
				"west": {"uv": [0, 0, 5, 2.5], "rotation": 90, "texture": "#1"},
				"up": {"uv": [0, 0, 5, 2.5], "rotation": 180, "texture": "#1"},
				"down": {"uv": [0, 0, 5, 2.5], "texture": "#1"}
			}
		},
		{
			"from": [7.7, 10.03672, 9.57161],
			"to": [8.3, 10.63672, 10.57161],
			"rotation": {"angle": 22.5, "axis": "x", "origin": [8, 10.53672, 10.07161]},
			"faces": {
				"north": {"uv": [0, 0, 5, 2.5], "rotation": 180, "texture": "#1"},
				"east": {"uv": [0, 0, 5, 2.5], "rotation": 270, "texture": "#1"},
				"south": {"uv": [0, 0, 5, 2.5], "texture": "#1"},
				"west": {"uv": [0, 0, 5, 2.5], "rotation": 90, "texture": "#1"},
				"up": {"uv": [0, 0, 5, 2.5], "rotation": 180, "texture": "#1"},
				"down": {"uv": [0, 0, 5, 2.5], "texture": "#1"}
			}
		},
		{
			"from": [6.5, 3.5, 6.5],
			"to": [9.5, 4, 9.5],
			"faces": {
				"north": {"uv": [0, 0, 5, 2.5], "texture": "#0"},
				"east": {"uv": [0, 0, 5, 2.5], "texture": "#0"},
				"south": {"uv": [0, 0, 5, 2.5], "texture": "#0"},
				"west": {"uv": [0, 0, 5, 2.5], "texture": "#0"},
				"up": {"uv": [0, 0, 5, 2.5], "texture": "#0"},
				"down": {"uv": [0, 0, 5, 2.5], "texture": "#0"}
			}
		},
		{
			"from": [10, 4.5, 6.5],
			"to": [10.5, 7.5, 9.5],
			"faces": {
				"north": {"uv": [0, 0, 2.5, 5], "texture": "#0"},
				"east": {"uv": [0, 0, 2.5, 5], "texture": "#0"},
				"south": {"uv": [0, 0, 2.5, 5], "texture": "#0"},
				"west": {"uv": [0, 0, 2.5, 5], "texture": "#0"},
				"up": {"uv": [0, 0, 2.5, 5], "texture": "#0"},
				"down": {"uv": [0, 0, 2.5, 5], "texture": "#0"}
			}
		},
		{
			"from": [5.5, 4.5, 6.5],
			"to": [6, 7.5, 9.5],
			"faces": {
				"north": {"uv": [0, 0, 2.5, 5], "texture": "#0"},
				"east": {"uv": [0, 0, 2.5, 5], "texture": "#0"},
				"south": {"uv": [0, 0, 2.5, 5], "texture": "#0"},
				"west": {"uv": [0, 0, 2.5, 5], "texture": "#0"},
				"up": {"uv": [0, 0, 2.5, 5], "texture": "#0"},
				"down": {"uv": [0, 0, 2.5, 5], "texture": "#0"}
			}
		},
		{
			"from": [6.5, 4.5, 5.5],
			"to": [9.5, 7.5, 6],
			"faces": {
				"north": {"uv": [0, 0, 5, 5], "texture": "#0"},
				"east": {"uv": [0, 0, 5, 5], "texture": "#0"},
				"south": {"uv": [0, 0, 5, 5], "texture": "#0"},
				"west": {"uv": [0, 0, 5, 5], "texture": "#0"},
				"up": {"uv": [0, 0, 5, 5], "texture": "#0"},
				"down": {"uv": [0, 0, 5, 5], "texture": "#0"}
			}
		},
		{
			"from": [6.5, 4.5, 10],
			"to": [9.5, 7.5, 10.5],
			"faces": {
				"north": {"uv": [0, 0, 5, 5], "texture": "#0"},
				"east": {"uv": [0, 0, 5, 5], "texture": "#0"},
				"south": {"uv": [0, 0, 5, 5], "texture": "#0"},
				"west": {"uv": [0, 0, 5, 5], "texture": "#0"},
				"up": {"uv": [0, 0, 5, 5], "texture": "#0"},
				"down": {"uv": [0, 0, 5, 5], "texture": "#0"}
			}
		}
	],
	"display": {
		"thirdperson_righthand": {
			"translation": [-2, 0.75, 0],
			"scale": [0.4, 0.4, 0.4]
		},
		"thirdperson_lefthand": {
			"translation": [-2, 0.75, 0],
			"scale": [0.4, 0.4, 0.4]
		},
		"firstperson_righthand": {
			"translation": [0, 4, 0]
		},
		"firstperson_lefthand": {
			"translation": [0, 4, 0]
		},
		"ground": {
			"scale": [0.6, 0.6, 0.6]
		},
		"gui": {
			"rotation": [10, 30, 0],
			"translation": [0.25, 4, 0],
			"scale": [2, 2, 2]
		},
		"head": {
			"translation": [0, -40.5, 0],
			"scale": [0.6, 0.6, 0.6]
		},
		"fixed": {
			"translation": [0, 2, 0]
		}
	},
	"groups": [
		{
			"name": "group",
			"origin": [8, 8, 8],
			"color": 0,
			"nbt": "{}",
			"children": [0, 1, 2, 3, 4, 5, 6, 7, 8, 9, 10, 11]
		}
	]
}