{
	"credit": "Made with Blockbench",
	"textures": {
		"1": "block/netherite_block"
	},
	"elements": [
		{
			"from": [6, 4, 6],
			"to": [10, 8, 10],
			"faces": {
				"north": {"uv": [2, 2, 15, 15], "texture": "#1"},
				"east": {"uv": [2, 2, 15, 15], "texture": "#1"},
				"south": {"uv": [2, 2, 15, 15], "texture": "#1"},
				"west": {"uv": [2, 2, 15, 15], "texture": "#1"},
				"up": {"uv": [2, 2, 15, 15], "texture": "#1"},
				"down": {"uv": [2, 2, 15, 15], "texture": "#1"}
			}
		},
		{
			"from": [6.5, 8, 6.5],
			"to": [9.5, 8.5, 9.5],
			"faces": {
				"north": {"uv": [2, 2, 14, 11.5], "texture": "#1"},
				"east": {"uv": [2, 2, 14, 11.5], "texture": "#1"},
				"south": {"uv": [2, 2, 14, 11.5], "texture": "#1"},
				"west": {"uv": [2, 2, 14, 11.5], "texture": "#1"},
				"up": {"uv": [2, 2, 14, 11.5], "texture": "#1"},
				"down": {"uv": [2, 2, 14, 11.5], "texture": "#1"}
			}
		},
		{
			"from": [6.5, 3.5, 6.5],
			"to": [9.5, 4, 9.5],
			"faces": {
				"north": {"uv": [2, 2, 14, 11.5], "texture": "#1"},
				"east": {"uv": [2, 2, 14, 11.5], "texture": "#1"},
				"south": {"uv": [2, 2, 14, 11.5], "texture": "#1"},
				"west": {"uv": [2, 2, 14, 11.5], "texture": "#1"},
				"up": {"uv": [2, 2, 14, 11.5], "texture": "#1"},
				"down": {"uv": [2, 2, 14, 11.5], "texture": "#1"}
			}
		},
		{
			"from": [10, 4.5, 6.5],
			"to": [10.5, 7.5, 9.5],
			"faces": {
				"north": {"uv": [2, 2, 11.5, 14], "texture": "#1"},
				"east": {"uv": [2, 2, 11.5, 14], "texture": "#1"},
				"south": {"uv": [2, 2, 11.5, 14], "texture": "#1"},
				"west": {"uv": [2, 2, 11.5, 14], "texture": "#1"},
				"up": {"uv": [2, 2, 11.5, 14], "texture": "#1"},
				"down": {"uv": [2, 2, 11.5, 14], "texture": "#1"}
			}
		},
		{
			"from": [5.5, 4.5, 6.5],
			"to": [6, 7.5, 9.5],
			"faces": {
				"north": {"uv": [3, 3, 15, 15], "texture": "#1"},
				"east": {"uv": [3, 3, 15, 15], "texture": "#1"},
				"south": {"uv": [3, 3, 15, 15], "texture": "#1"},
				"west": {"uv": [3, 3, 15, 15], "texture": "#1"},
				"up": {"uv": [3, 3, 15, 15], "texture": "#1"},
				"down": {"uv": [3, 3, 15, 15], "texture": "#1"}
			}
		},
		{
			"from": [6.5, 4.5, 5.5],
			"to": [9.5, 7.5, 6],
			"faces": {
				"north": {"uv": [2, 2, 14, 14], "texture": "#1"},
				"east": {"uv": [2, 2, 14, 14], "texture": "#1"},
				"south": {"uv": [2, 2, 14, 14], "texture": "#1"},
				"west": {"uv": [2, 2, 14, 14], "texture": "#1"},
				"up": {"uv": [2, 2, 14, 14], "texture": "#1"},
				"down": {"uv": [2, 2, 14, 14], "texture": "#1"}
			}
		},
		{
			"from": [6.5, 4.5, 10],
			"to": [9.5, 7.5, 10.5],
			"faces": {
				"north": {"uv": [2, 2, 14, 14], "texture": "#1"},
				"east": {"uv": [2, 2, 14, 14], "texture": "#1"},
				"south": {"uv": [2, 2, 14, 14], "texture": "#1"},
				"west": {"uv": [2, 2, 14, 14], "texture": "#1"},
				"up": {"uv": [2, 2, 14, 14], "texture": "#1"},
				"down": {"uv": [2, 2, 14, 14], "texture": "#1"}
			}
		}
	],
	"display": {
		"thirdperson_righthand": {
			"translation": [-2, 0.75, 0],
			"scale": [0.4, 0.4, 0.4]
		},
		"thirdperson_lefthand": {
			"translation": [-2, 0.75, 0],
			"scale": [0.4, 0.4, 0.4]
		},
		"firstperson_righthand": {
			"translation": [0, 4, 0]
		},
		"firstperson_lefthand": {
			"translation": [0, 4, 0]
		},
		"ground": {
			"scale": [0.6, 0.6, 0.6]
		},
		"gui": {
			"rotation": [10, 30, 0],
			"translation": [0.25, 4, 0],
			"scale": [2, 2, 2]
		},
		"head": {
			"translation": [0, -40.5, 0],
			"scale": [0.6, 0.6, 0.6]
		},
		"fixed": {
			"translation": [0, 2, 0]
		}
	},
	"groups": [
		{
			"name": "group",
			"origin": [8, 8, 8],
			"color": 0,
			"children": [0, 1, 2, 3, 4, 5, 6]
		}
	]
}